pilot_slot,input_index,answer_uri,display_label,preferred_class,fallback_class_1,fallback_class_2,approval_status,approval_date,source_reconciliation_sha256
1,5,http://dbpedia.org/resource/Shinya_Yamanaka,Shinya Yamanaka,http://dbpedia.org/resource/Category:Japanese_Nobel_laureates,http://dbpedia.org/resource/Category:21st-century_Japanese_biologists,http://dbpedia.org/resource/Category:Stem_cell_researchers,HUMAN_APPROVED_FOR_ENGINEERING_PILOT,2026-07-30,14e3f68f1866b74d16f9b2948025ea7e8f68dd0a816df633e9c9126f49bbe951
2,11,http://dbpedia.org/resource/Shin'ichirō_Tomonaga,Shin'ichirō Tomonaga,http://dbpedia.org/resource/Category:Japanese_Nobel_laureates,http://dbpedia.org/resource/Category:Japanese_theoretical_physicists,http://dbpedia.org/resource/Category:Japanese_physicists,HUMAN_APPROVED_FOR_ENGINEERING_PILOT,2026-07-30,14e3f68f1866b74d16f9b2948025ea7e8f68dd0a816df633e9c9126f49bbe951
3,0,http://dbpedia.org/resource/Eisaku_Satō,Eisaku Satō,http://dbpedia.org/resource/Category:Japanese_Nobel_laureates,http://dbpedia.org/resource/Category:20th-century_prime_ministers_of_Japan,http://dbpedia.org/resource/Category:Nobel_Peace_Prize_laureates,HUMAN_APPROVED_FOR_ENGINEERING_PILOT,2026-07-30,14e3f68f1866b74d16f9b2948025ea7e8f68dd0a816df633e9c9126f49bbe951
4,19,http://dbpedia.org/resource/Carbon,Carbon,http://dbpedia.org/resource/Category:Reactive_nonmetals,http://dbpedia.org/resource/Category:Chemical_elements,http://dbpedia.org/resource/Category:Reducing_agents,HUMAN_APPROVED_FOR_ENGINEERING_PILOT,2026-07-30,14e3f68f1866b74d16f9b2948025ea7e8f68dd0a816df633e9c9126f49bbe951
5,20,http://dbpedia.org/resource/Silicon,Silicon,http://dbpedia.org/resource/Category:Group_IV_semiconductors,http://dbpedia.org/resource/Category:Dietary_minerals,http://dbpedia.org/resource/Category:Chemical_elements,HUMAN_APPROVED_FOR_ENGINEERING_PILOT,2026-07-30,14e3f68f1866b74d16f9b2948025ea7e8f68dd0a816df633e9c9126f49bbe951
6,23,http://dbpedia.org/resource/Sulfuric_acid,Sulfuric acid,http://dbpedia.org/resource/Category:Mineral_acids,http://dbpedia.org/resource/Category:Sulfur_oxoacids,http://dbpedia.org/resource/Category:Oxidizing_acids,HUMAN_APPROVED_FOR_ENGINEERING_PILOT,2026-07-30,14e3f68f1866b74d16f9b2948025ea7e8f68dd0a816df633e9c9126f49bbe951
7,28,http://dbpedia.org/resource/Aristotle,Aristotle,http://dbpedia.org/resource/Category:Ancient_Greek_ethicists,http://dbpedia.org/resource/Category:Peripatetic_philosophers,http://dbpedia.org/resource/Category:Ancient_Greek_philosophers_of_mind,HUMAN_APPROVED_FOR_ENGINEERING_PILOT,2026-07-30,14e3f68f1866b74d16f9b2948025ea7e8f68dd0a816df633e9c9126f49bbe951
8,32,http://dbpedia.org/resource/Plato,Plato,http://dbpedia.org/resource/Category:Ancient_Greek_ethicists,http://dbpedia.org/resource/Category:Ancient_Athenian_philosophers,http://dbpedia.org/resource/Category:4th-century_BC_Greek_philosophers,HUMAN_APPROVED_FOR_ENGINEERING_PILOT,2026-07-30,14e3f68f1866b74d16f9b2948025ea7e8f68dd0a816df633e9c9126f49bbe951
9,29,http://dbpedia.org/resource/Adam_Smith,Adam Smith,http://dbpedia.org/resource/Category:Classical_economists,http://dbpedia.org/resource/Category:Scottish_economists,http://dbpedia.org/resource/Category:Philosophers_of_economics,HUMAN_APPROVED_FOR_ENGINEERING_PILOT,2026-07-30,14e3f68f1866b74d16f9b2948025ea7e8f68dd0a816df633e9c9126f49bbe951
